{
    "mercury": {
        "elements": {
            "a_au": 0.38709893,
            "e": 0.20563069,
            "i_deg": 7.00487,
            "Omega_deg": 48.33167,
            "omega_deg": 29.12478,
            "M_deg": 174.79588
        },
        "changes": {
            "da_au": 0.000000037,
            "de": -0.000000032,
            "di_deg": -0.00594749,
            "dOmega_deg": -0.12534081,
            "domega_deg": 0.19803305,
            "dM_deg": 149472.51529
        }
    },
    "venus": {
        "elements": {
            "a_au": 0.72333199,
            "e": 0.00677323,
            "i_deg": 3.39471,
            "Omega_deg": 76.68069,
            "omega_deg": 54.85229,
            "M_deg": 50.41614
        },
        "changes": {
            "da_au": -0.000000022,
            "de": -0.000000074,
            "di_deg": -0.00078890,
            "dOmega_deg": -0.27769418,
            "domega_deg": 0.16047689,
            "dM_deg": 58517.81539
        }
    },
    "earth": {
        "elements": {
            "a_au": 1.00000011,
            "e": 0.01671022,
            "i_deg": 0.00005,
            "Omega_deg": -11.26064,
            "omega_deg": 114.20783,
            "M_deg": 357.51716
        },
        "changes": {
            "da_au": -0.000000061,
            "de": -0.000000126,
            "di_deg": -0.00004397,
            "dOmega_deg": -0.24123856,
            "domega_deg": 0.32327364,
            "dM_deg": 35999.37306
        }
    },
    "mars": {
        "elements": {
            "a_au": 1.52366231,
            "e": 0.09341233,
            "i_deg": 1.85061,
            "Omega_deg": 49.57854,
            "omega_deg": 286.4623,
            "M_deg": 19.41248
        },
        "changes": {
            "da_au": -0.000000192,
            "de": 0.000000119,
            "di_deg": -0.00023247,
            "dbigOmega_deg": -0.29581298,
            "domega_deg": 0.44441088,
            "dM_deg": 19140.29934
        }
    }
}